tirage_id,date_tirage,numero_1,numero_2,numero_3,numero_4,numero_5,numero_chance
1,2025-04-02,45.0,5.0,34.0,15.0,4.0,9.0
2,2025-03-31,3.0,4.0,28.0,16.0,38.0,4.0
3,2025-03-29,14.0,31.0,41.0,7.0,12.0,5.0
4,2025-03-26,4.0,41.0,21.0,19.0,11.0,7.0
5,2025-03-24,35.0,29.0,47.0,46.0,21.0,1.0
6,2025-03-22,3.0,49.0,36.0,20.0,23.0,6.0
7,2025-03-19,15.0,14.0,3.0,45.0,12.0,3.0
8,2025-03-17,16.0,32.0,26.0,9.0,20.0,7.0
9,2025-03-15,27.0,6.0,31.0,21.0,40.0,7.0
10,2025-03-12,21.0,10.0,24.0,32.0,16.0,7.0
11,2025-03-10,23.0,24.0,13.0,15.0,39.0,1.0
12,2025-03-08,18.0,2.0,10.0,3.0,11.0,2.0
13,2025-03-05,47.0,28.0,7.0,26.0,30.0,4.0
14,2025-03-03,41.0,13.0,28.0,6.0,4.0,1.0
15,2025-03-01,14.0,28.0,33.0,9.0,8.0,4.0
16,2025-02-26,44.0,11.0,3.0,15.0,17.0,9.0
17,2025-02-24,32.0,5.0,13.0,38.0,46.0,5.0
18,2025-02-22,28.0,30.0,23.0,39.0,25.0,7.0
19,2025-02-19,42.0,23.0,16.0,32.0,28.0,5.0
20,2025-02-17,40.0,3.0,14.0,20.0,34.0,6.0
21,2025-02-15,48.0,42.0,13.0,49.0,6.0,3.0
22,2025-02-12,1.0,37.0,41.0,30.0,23.0,5.0
23,2025-02-10,39.0,44.0,12.0,29.0,2.0,6.0
24,2025-02-08,49.0,26.0,11.0,43.0,42.0,8.0
25,2025-02-05,14.0,8.0,24.0,28.0,5.0,9.0
26,2025-02-03,29.0,48.0,32.0,27.0,44.0,8.0
27,2025-02-01,34.0,46.0,11.0,30.0,36.0,5.0
28,2025-01-29,29.0,41.0,17.0,27.0,19.0,2.0
29,2025-01-27,24.0,39.0,48.0,3.0,10.0,3.0
30,2025-01-25,45.0,35.0,44.0,5.0,19.0,8.0
31,2025-01-22,29.0,36.0,23.0,44.0,38.0,9.0
32,2025-01-20,19.0,28.0,36.0,40.0,6.0,2.0
33,2025-01-18,11.0,1.0,4.0,33.0,44.0,7.0
34,2025-01-15,1.0,22.0,40.0,27.0,28.0,2.0
35,2025-01-13,31.0,3.0,24.0,41.0,7.0,2.0
36,2025-01-11,42.0,20.0,6.0,29.0,41.0,9.0
37,2025-01-08,14.0,34.0,38.0,24.0,26.0,8.0
38,2025-01-06,3.0,31.0,8.0,16.0,42.0,7.0
39,2025-01-04,17.0,20.0,9.0,19.0,29.0,2.0
40,2025-01-01,8.0,11.0,2.0,25.0,21.0,4.0
41,2024-12-30,13.0,31.0,29.0,1.0,21.0,10.0
42,2024-12-28,31.0,7.0,37.0,39.0,13.0,6.0
43,2024-12-25,46.0,6.0,22.0,44.0,13.0,8.0
44,2024-12-23,22.0,17.0,38.0,2.0,13.0,7.0
45,2024-12-21,41.0,16.0,6.0,28.0,36.0,8.0
46,2024-12-18,8.0,27.0,26.0,46.0,14.0,2.0
47,2024-12-16,43.0,5.0,26.0,36.0,6.0,3.0
48,2024-12-14,30.0,22.0,44.0,40.0,24.0,7.0
49,2024-12-11,28.0,24.0,8.0,43.0,19.0,6.0
50,2024-12-09,38.0,5.0,9.0,25.0,6.0,6.0
51,2024-12-07,9.0,21.0,24.0,30.0,28.0,9.0
52,2024-12-04,40.0,21.0,7.0,34.0,3.0,1.0
53,2024-12-02,48.0,16.0,22.0,41.0,4.0,10.0
54,2024-11-30,21.0,4.0,10.0,38.0,19.0,1.0
55,2024-11-27,15.0,7.0,31.0,35.0,20.0,6.0
56,2024-11-25,13.0,7.0,37.0,49.0,3.0,5.0
57,2024-11-23,37.0,33.0,36.0,34.0,20.0,2.0
58,2024-11-20,35.0,37.0,45.0,48.0,27.0,5.0
59,2024-11-18,17.0,12.0,3.0,8.0,6.0,9.0
60,2024-11-16,46.0,5.0,29.0,7.0,19.0,4.0
61,2024-11-13,9.0,12.0,32.0,39.0,13.0,10.0
62,2024-11-11,8.0,35.0,46.0,6.0,11.0,6.0
63,2024-11-09,36.0,12.0,35.0,23.0,26.0,8.0
64,2024-11-06,26.0,8.0,23.0,15.0,6.0,5.0
65,2024-11-04,17.0,15.0,16.0,39.0,35.0,2.0
66,2024-11-02,31.0,49.0,43.0,21.0,1.0,6.0
67,2024-10-30,4.0,44.0,10.0,29.0,8.0,1.0
68,2024-10-28,21.0,39.0,43.0,9.0,41.0,3.0
69,2024-10-26,9.0,17.0,30.0,20.0,11.0,8.0
70,2024-10-23,27.0,1.0,34.0,44.0,40.0,2.0
71,2024-10-21,7.0,34.0,19.0,15.0,11.0,7.0
72,2024-10-19,10.0,2.0,44.0,46.0,45.0,5.0
73,2024-10-16,1.0,25.0,48.0,21.0,35.0,3.0
74,2024-10-14,42.0,18.0,47.0,41.0,20.0,2.0
75,2024-10-12,35.0,33.0,43.0,6.0,37.0,6.0
76,2024-10-09,5.0,26.0,22.0,31.0,33.0,7.0
77,2024-10-07,49.0,26.0,5.0,7.0,1.0,8.0
78,2024-10-05,30.0,16.0,7.0,13.0,43.0,6.0
79,2024-10-02,2.0,10.0,4.0,49.0,12.0,9.0
80,2024-09-30,1.0,33.0,49.0,24.0,17.0,9.0
81,2024-09-28,47.0,39.0,4.0,42.0,45.0,1.0
82,2024-09-25,5.0,25.0,10.0,6.0,1.0,9.0
83,2024-09-23,9.0,40.0,28.0,27.0,7.0,6.0
84,2024-09-21,32.0,30.0,4.0,2.0,19.0,9.0
85,2024-09-18,2.0,44.0,42.0,47.0,23.0,5.0
86,2024-09-16,27.0,31.0,48.0,30.0,17.0,8.0
87,2024-09-14,15.0,32.0,11.0,49.0,6.0,4.0
88,2024-09-11,28.0,30.0,10.0,39.0,24.0,5.0
89,2024-09-09,18.0,8.0,41.0,17.0,3.0,3.0
90,2024-09-07,48.0,43.0,31.0,9.0,15.0,9.0
91,2024-09-04,4.0,2.0,26.0,22.0,40.0,8.0
92,2024-09-02,27.0,12.0,26.0,6.0,5.0,6.0
93,2024-08-31,43.0,18.0,28.0,40.0,14.0,1.0
94,2024-08-28,42.0,30.0,11.0,33.0,37.0,3.0
95,2024-08-26,6.0,28.0,3.0,12.0,24.0,2.0
96,2024-08-24,13.0,29.0,30.0,20.0,36.0,5.0
97,2024-08-21,3.0,20.0,15.0,31.0,19.0,7.0
98,2024-08-19,10.0,18.0,20.0,19.0,28.0,5.0
99,2024-08-17,3.0,4.0,22.0,48.0,49.0,1.0
100,2024-08-14,25.0,17.0,46.0,28.0,23.0,5.0
101,2024-08-12,16.0,18.0,45.0,38.0,31.0,8.0
102,2024-08-10,36.0,31.0,37.0,28.0,17.0,10.0
103,2024-08-07,27.0,47.0,24.0,39.0,46.0,9.0
104,2024-08-05,24.0,21.0,7.0,31.0,27.0,3.0
105,2024-08-03,47.0,4.0,2.0,14.0,34.0,2.0
106,2024-07-31,25.0,3.0,45.0,47.0,49.0,7.0
107,2024-07-29,20.0,22.0,32.0,34.0,31.0,7.0
108,2024-07-27,21.0,8.0,28.0,42.0,47.0,4.0
109,2024-07-24,40.0,11.0,18.0,8.0,47.0,2.0
110,2024-07-22,49.0,35.0,25.0,27.0,42.0,9.0
111,2024-07-20,5.0,30.0,16.0,47.0,15.0,7.0
112,2024-07-17,35.0,40.0,17.0,6.0,47.0,4.0
113,2024-07-15,4.0,10.0,30.0,38.0,24.0,10.0
114,2024-07-13,21.0,5.0,6.0,24.0,42.0,8.0
115,2024-07-10,16.0,3.0,5.0,39.0,11.0,9.0
116,2024-07-08,7.0,42.0,31.0,8.0,24.0,6.0
117,2024-07-06,46.0,13.0,47.0,18.0,34.0,5.0
118,2024-07-03,4.0,1.0,24.0,21.0,42.0,3.0
119,2024-07-01,22.0,7.0,28.0,6.0,3.0,7.0
120,2024-06-29,17.0,24.0,30.0,43.0,1.0,7.0
121,2024-06-26,21.0,10.0,38.0,41.0,25.0,8.0
122,2024-06-24,48.0,47.0,6.0,45.0,1.0,6.0
123,2024-06-22,10.0,34.0,25.0,38.0,29.0,3.0
124,2024-06-19,35.0,11.0,18.0,46.0,30.0,2.0
125,2024-06-17,28.0,6.0,11.0,46.0,25.0,2.0
126,2024-06-15,8.0,16.0,42.0,30.0,40.0,2.0
127,2024-06-12,28.0,3.0,6.0,33.0,13.0,4.0
128,2024-06-10,47.0,5.0,34.0,28.0,39.0,8.0
129,2024-06-08,35.0,39.0,18.0,43.0,31.0,7.0
130,2024-06-05,4.0,6.0,35.0,47.0,7.0,1.0
131,2024-06-03,9.0,15.0,39.0,49.0,48.0,7.0
132,2024-06-01,27.0,2.0,48.0,43.0,3.0,8.0
133,2024-05-29,10.0,19.0,28.0,38.0,37.0,7.0
134,2024-05-27,41.0,19.0,32.0,42.0,47.0,1.0
135,2024-05-25,19.0,26.0,42.0,18.0,20.0,1.0
136,2024-05-22,46.0,23.0,21.0,32.0,20.0,10.0
137,2024-05-20,12.0,32.0,36.0,6.0,29.0,8.0
138,2024-05-18,14.0,34.0,37.0,15.0,45.0,2.0
139,2024-05-15,21.0,16.0,9.0,20.0,15.0,1.0
140,2024-05-13,26.0,13.0,25.0,12.0,18.0,4.0
141,2024-05-11,6.0,39.0,24.0,13.0,43.0,8.0
142,2024-05-08,7.0,34.0,6.0,3.0,36.0,7.0
143,2024-05-06,1.0,4.0,35.0,39.0,21.0,5.0
144,2024-05-04,2.0,16.0,19.0,12.0,6.0,3.0
145,2024-05-01,17.0,42.0,25.0,5.0,15.0,7.0
146,2024-04-29,49.0,47.0,20.0,3.0,30.0,7.0
147,2024-04-27,18.0,34.0,27.0,14.0,44.0,6.0
148,2024-04-24,38.0,25.0,40.0,41.0,39.0,7.0
149,2024-04-22,48.0,20.0,39.0,8.0,47.0,1.0
150,2024-04-20,13.0,10.0,22.0,24.0,16.0,7.0
151,2024-04-17,48.0,6.0,8.0,17.0,24.0,10.0
152,2024-04-15,24.0,2.0,21.0,36.0,31.0,6.0
153,2024-04-13,45.0,7.0,29.0,19.0,38.0,8.0
154,2024-04-10,18.0,1.0,33.0,9.0,39.0,2.0
155,2024-04-08,2.0,22.0,46.0,21.0,49.0,9.0
156,2024-04-06,27.0,2.0,36.0,43.0,6.0,5.0
157,2024-04-03,26.0,46.0,5.0,12.0,36.0,4.0
158,2024-04-01,9.0,17.0,15.0,12.0,26.0,8.0
159,2024-03-30,40.0,41.0,28.0,8.0,42.0,2.0
160,2024-03-27,28.0,45.0,2.0,15.0,23.0,7.0
161,2024-03-25,37.0,1.0,22.0,26.0,31.0,5.0
162,2024-03-23,47.0,49.0,20.0,34.0,32.0,1.0
163,2024-03-20,24.0,46.0,3.0,22.0,32.0,5.0
164,2024-03-18,36.0,48.0,30.0,20.0,40.0,8.0
165,2024-03-16,12.0,10.0,37.0,25.0,49.0,2.0
166,2024-03-13,5.0,29.0,4.0,10.0,13.0,1.0
167,2024-03-11,18.0,48.0,36.0,16.0,45.0,10.0
168,2024-03-09,29.0,28.0,25.0,7.0,35.0,2.0
169,2024-03-06,12.0,8.0,43.0,46.0,49.0,8.0
170,2024-03-04,25.0,8.0,18.0,27.0,37.0,8.0
171,2024-03-02,20.0,13.0,27.0,26.0,17.0,4.0
172,2024-02-28,2.0,38.0,46.0,27.0,43.0,3.0
173,2024-02-26,7.0,45.0,30.0,8.0,20.0,10.0
174,2024-02-24,14.0,45.0,37.0,22.0,25.0,3.0
175,2024-02-21,42.0,22.0,9.0,33.0,45.0,3.0
176,2024-02-19,35.0,23.0,16.0,42.0,8.0,2.0
177,2024-02-17,2.0,19.0,13.0,23.0,36.0,3.0
178,2024-02-14,28.0,15.0,3.0,46.0,36.0,2.0
179,2024-02-12,36.0,40.0,5.0,30.0,43.0,1.0
180,2024-02-10,44.0,15.0,37.0,34.0,40.0,8.0
181,2024-02-07,24.0,13.0,23.0,6.0,34.0,4.0
182,2024-02-05,36.0,3.0,33.0,34.0,42.0,2.0
183,2024-02-03,42.0,4.0,23.0,15.0,12.0,1.0
184,2024-01-31,34.0,2.0,13.0,15.0,31.0,8.0
185,2024-01-29,27.0,26.0,8.0,9.0,15.0,4.0
186,2024-01-27,47.0,2.0,14.0,33.0,30.0,5.0
187,2024-01-24,25.0,9.0,34.0,31.0,32.0,5.0
188,2024-01-22,32.0,29.0,37.0,20.0,5.0,9.0
189,2024-01-20,19.0,41.0,42.0,43.0,45.0,2.0
190,2024-01-17,29.0,8.0,37.0,22.0,39.0,10.0
191,2024-01-15,11.0,7.0,15.0,23.0,19.0,4.0
192,2024-01-13,12.0,15.0,21.0,29.0,48.0,6.0
193,2024-01-10,12.0,28.0,32.0,45.0,38.0,9.0
194,2024-01-08,6.0,48.0,11.0,49.0,46.0,2.0
195,2024-01-06,49.0,19.0,22.0,40.0,45.0,2.0
196,2024-01-03,36.0,1.0,45.0,9.0,14.0,3.0
197,2024-01-01,4.0,41.0,16.0,13.0,6.0,10.0
198,2023-12-30,36.0,12.0,7.0,11.0,38.0,6.0
199,2023-12-27,16.0,41.0,26.0,28.0,13.0,8.0
200,2023-12-25,9.0,32.0,7.0,47.0,1.0,1.0
201,2023-12-23,39.0,28.0,26.0,5.0,29.0,10.0
202,2023-12-20,2.0,3.0,29.0,30.0,31.0,10.0
203,2023-12-18,30.0,3.0,15.0,41.0,16.0,9.0
204,2023-12-16,1.0,15.0,12.0,30.0,44.0,1.0
205,2023-12-13,4.0,19.0,22.0,18.0,7.0,10.0
206,2023-12-11,25.0,48.0,16.0,12.0,49.0,10.0
207,2023-12-09,40.0,34.0,36.0,28.0,15.0,10.0
208,2023-12-06,29.0,1.0,43.0,37.0,27.0,7.0
209,2023-12-04,41.0,44.0,38.0,8.0,10.0,2.0
210,2023-12-02,25.0,19.0,12.0,11.0,28.0,4.0
211,2023-11-29,21.0,30.0,6.0,31.0,10.0,1.0
212,2023-11-27,19.0,8.0,46.0,26.0,9.0,9.0
213,2023-11-25,1.0,9.0,19.0,13.0,11.0,8.0
214,2023-11-22,18.0,45.0,41.0,4.0,17.0,2.0
215,2023-11-20,30.0,15.0,34.0,46.0,41.0,2.0
216,2023-11-18,12.0,21.0,48.0,29.0,20.0,3.0
217,2023-11-15,22.0,7.0,16.0,30.0,2.0,1.0
218,2023-11-13,46.0,39.0,23.0,45.0,13.0,7.0
219,2023-11-11,17.0,22.0,35.0,25.0,19.0,6.0
220,2023-11-08,2.0,49.0,1.0,36.0,14.0,9.0
221,2023-11-06,18.0,10.0,40.0,34.0,31.0,10.0
222,2023-11-04,20.0,13.0,46.0,40.0,25.0,7.0
223,2023-11-01,32.0,46.0,27.0,1.0,16.0,1.0
224,2023-10-30,30.0,34.0,8.0,1.0,13.0,4.0
225,2023-10-28,31.0,38.0,22.0,32.0,34.0,2.0
226,2023-10-25,22.0,12.0,30.0,35.0,33.0,10.0
227,2023-10-23,10.0,3.0,40.0,26.0,22.0,4.0
228,2023-10-21,47.0,14.0,28.0,3.0,25.0,10.0
229,2023-10-18,22.0,13.0,46.0,49.0,3.0,1.0
230,2023-10-16,6.0,7.0,37.0,25.0,47.0,9.0
231,2023-10-14,13.0,14.0,27.0,4.0,20.0,1.0
232,2023-10-11,10.0,16.0,15.0,6.0,24.0,8.0
233,2023-10-09,9.0,16.0,32.0,30.0,23.0,6.0
234,2023-10-07,5.0,12.0,42.0,9.0,26.0,2.0
235,2023-10-04,26.0,21.0,40.0,27.0,31.0,1.0
236,2023-10-02,6.0,40.0,17.0,15.0,3.0,1.0
237,2023-09-30,33.0,48.0,25.0,23.0,41.0,1.0
238,2023-09-27,44.0,14.0,30.0,25.0,17.0,3.0
239,2023-09-25,4.0,13.0,27.0,46.0,21.0,4.0
240,2023-09-23,26.0,28.0,40.0,37.0,6.0,8.0
241,2023-09-20,48.0,19.0,37.0,16.0,29.0,1.0
242,2023-09-18,5.0,30.0,40.0,35.0,17.0,6.0
243,2023-09-16,42.0,43.0,32.0,40.0,15.0,4.0
244,2023-09-13,11.0,27.0,30.0,48.0,49.0,8.0
245,2023-09-11,31.0,44.0,40.0,13.0,28.0,6.0
246,2023-09-09,15.0,7.0,3.0,42.0,4.0,4.0
247,2023-09-06,47.0,30.0,15.0,33.0,4.0,10.0
248,2023-09-04,27.0,13.0,2.0,11.0,36.0,10.0
249,2023-09-02,10.0,33.0,47.0,1.0,7.0,10.0
250,2023-08-30,46.0,31.0,20.0,45.0,39.0,10.0
251,2023-08-28,9.0,35.0,23.0,37.0,28.0,7.0
252,2023-08-26,15.0,14.0,21.0,34.0,45.0,5.0
253,2023-08-23,46.0,29.0,25.0,8.0,34.0,7.0
254,2023-08-21,3.0,17.0,4.0,36.0,22.0,6.0
255,2023-08-19,27.0,8.0,32.0,11.0,4.0,10.0
256,2023-08-16,24.0,41.0,19.0,35.0,27.0,9.0
257,2023-08-14,44.0,13.0,3.0,27.0,49.0,9.0
258,2023-08-12,9.0,20.0,44.0,1.0,39.0,9.0
259,2023-08-09,6.0,31.0,45.0,14.0,3.0,9.0
260,2023-08-07,11.0,1.0,15.0,48.0,47.0,7.0
261,2023-08-05,40.0,42.0,2.0,7.0,10.0,2.0
262,2023-08-02,18.0,12.0,32.0,9.0,23.0,9.0
263,2023-07-31,1.0,47.0,22.0,33.0,4.0,1.0
264,2023-07-29,1.0,49.0,29.0,18.0,37.0,4.0
265,2023-07-26,17.0,49.0,18.0,28.0,11.0,7.0
266,2023-07-24,12.0,1.0,31.0,45.0,17.0,7.0
267,2023-07-22,37.0,33.0,42.0,36.0,31.0,3.0
268,2023-07-19,35.0,5.0,39.0,19.0,11.0,9.0
269,2023-07-17,47.0,6.0,20.0,9.0,41.0,9.0
270,2023-07-15,7.0,32.0,42.0,45.0,12.0,6.0
271,2023-07-12,31.0,18.0,34.0,27.0,26.0,8.0
272,2023-07-10,14.0,3.0,10.0,44.0,8.0,2.0
273,2023-07-08,6.0,19.0,48.0,32.0,10.0,5.0
274,2023-07-05,22.0,8.0,19.0,7.0,15.0,5.0
275,2023-07-03,42.0,23.0,2.0,8.0,35.0,7.0
276,2023-07-01,24.0,7.0,18.0,15.0,9.0,10.0
277,2023-06-28,49.0,34.0,36.0,12.0,42.0,10.0
278,2023-06-26,14.0,21.0,48.0,16.0,26.0,3.0
279,2023-06-24,30.0,40.0,3.0,21.0,2.0,4.0
280,2023-06-21,20.0,35.0,27.0,19.0,12.0,4.0
281,2023-06-19,39.0,42.0,38.0,29.0,49.0,3.0
282,2023-06-17,28.0,43.0,29.0,38.0,44.0,3.0
283,2023-06-14,14.0,9.0,16.0,12.0,33.0,2.0
284,2023-06-12,12.0,26.0,28.0,19.0,21.0,2.0
285,2023-06-10,28.0,16.0,11.0,32.0,49.0,10.0
286,2023-06-07,41.0,28.0,3.0,4.0,23.0,8.0
287,2023-06-05,3.0,46.0,25.0,10.0,13.0,5.0
288,2023-06-03,46.0,44.0,37.0,2.0,39.0,4.0
289,2023-05-31,43.0,9.0,40.0,28.0,13.0,3.0
290,2023-05-29,12.0,38.0,28.0,24.0,36.0,3.0
291,2023-05-27,25.0,24.0,31.0,34.0,9.0,9.0
292,2023-05-24,20.0,11.0,36.0,17.0,28.0,10.0
293,2023-05-22,43.0,33.0,42.0,22.0,37.0,4.0
294,2023-05-20,25.0,18.0,3.0,8.0,37.0,6.0
295,2023-05-17,8.0,2.0,11.0,47.0,40.0,7.0
296,2023-05-15,12.0,9.0,48.0,7.0,29.0,4.0
297,2023-05-13,43.0,6.0,25.0,34.0,9.0,5.0
298,2023-05-10,45.0,12.0,44.0,15.0,9.0,1.0
299,2023-05-08,43.0,47.0,16.0,39.0,4.0,5.0
300,2023-05-06,47.0,25.0,42.0,2.0,30.0,10.0
301,2023-05-03,17.0,23.0,13.0,20.0,45.0,8.0
302,2023-05-01,15.0,41.0,33.0,44.0,5.0,10.0
303,2023-04-29,40.0,48.0,36.0,22.0,3.0,5.0
304,2023-04-26,3.0,18.0,24.0,11.0,14.0,10.0
305,2023-04-24,41.0,23.0,25.0,1.0,49.0,2.0
306,2023-04-22,12.0,26.0,48.0,13.0,35.0,1.0
307,2023-04-19,43.0,41.0,5.0,46.0,34.0,5.0
308,2023-04-17,3.0,18.0,42.0,13.0,43.0,9.0
309,2023-04-15,32.0,17.0,15.0,19.0,29.0,10.0
310,2023-04-12,18.0,26.0,10.0,30.0,15.0,7.0
311,2023-04-10,45.0,24.0,15.0,10.0,49.0,2.0
312,2023-04-08,19.0,35.0,48.0,3.0,42.0,10.0
313,2023-04-05,31.0,33.0,16.0,29.0,39.0,2.0
314,2023-04-03,49.0,15.0,39.0,31.0,46.0,4.0
315,2023-04-01,44.0,48.0,17.0,12.0,35.0,8.0
316,2023-03-29,34.0,1.0,32.0,14.0,11.0,9.0
317,2023-03-27,1.0,11.0,23.0,41.0,34.0,9.0
318,2023-03-25,3.0,34.0,29.0,7.0,11.0,4.0
319,2023-03-22,24.0,38.0,33.0,12.0,20.0,2.0
320,2023-03-20,38.0,19.0,10.0,26.0,7.0,8.0
321,2023-03-18,7.0,31.0,8.0,48.0,32.0,5.0
322,2023-03-15,37.0,20.0,15.0,5.0,17.0,2.0
323,2023-03-13,47.0,45.0,35.0,42.0,19.0,2.0
324,2023-03-11,6.0,34.0,14.0,33.0,18.0,6.0
325,2023-03-08,10.0,7.0,46.0,16.0,35.0,5.0
326,2023-03-06,24.0,38.0,41.0,18.0,5.0,7.0
327,2023-03-04,42.0,40.0,35.0,25.0,12.0,6.0
328,2023-03-01,18.0,39.0,45.0,14.0,21.0,8.0
329,2023-02-27,5.0,37.0,14.0,6.0,2.0,1.0
330,2023-02-25,34.0,19.0,3.0,1.0,43.0,3.0
331,2023-02-22,37.0,35.0,3.0,24.0,31.0,4.0
332,2023-02-20,35.0,43.0,41.0,22.0,16.0,7.0
333,2023-02-18,12.0,24.0,1.0,13.0,5.0,9.0
334,2023-02-15,20.0,24.0,5.0,44.0,28.0,6.0
335,2023-02-13,20.0,8.0,33.0,27.0,35.0,2.0
336,2023-02-11,43.0,9.0,15.0,47.0,45.0,9.0
337,2023-02-08,44.0,24.0,16.0,21.0,34.0,7.0
338,2023-02-06,32.0,13.0,5.0,21.0,6.0,3.0
339,2023-02-04,42.0,26.0,31.0,13.0,16.0,2.0
340,2023-02-01,12.0,48.0,38.0,35.0,9.0,5.0
341,2023-01-30,35.0,27.0,8.0,30.0,34.0,5.0
342,2023-01-28,15.0,44.0,5.0,30.0,45.0,5.0
343,2023-01-25,32.0,26.0,44.0,18.0,21.0,10.0
344,2023-01-23,28.0,6.0,10.0,35.0,32.0,9.0
345,2023-01-21,41.0,4.0,45.0,18.0,24.0,6.0
346,2023-01-18,7.0,35.0,48.0,39.0,11.0,8.0
347,2023-01-16,5.0,31.0,10.0,19.0,28.0,4.0
348,2023-01-14,22.0,36.0,40.0,13.0,14.0,9.0
349,2023-01-11,8.0,16.0,17.0,3.0,47.0,9.0
350,2023-01-09,38.0,1.0,48.0,30.0,20.0,3.0
351,2023-01-07,8.0,43.0,7.0,21.0,34.0,6.0
352,2023-01-04,3.0,5.0,49.0,38.0,25.0,10.0
353,2023-01-02,49.0,39.0,45.0,41.0,1.0,5.0
354,2022-12-31,35.0,39.0,16.0,11.0,23.0,8.0
355,2022-12-28,29.0,1.0,3.0,35.0,8.0,8.0
356,2022-12-26,6.0,23.0,32.0,49.0,48.0,4.0
357,2022-12-24,12.0,41.0,47.0,46.0,6.0,6.0
358,2022-12-21,11.0,22.0,15.0,12.0,21.0,7.0
359,2022-12-19,43.0,35.0,6.0,31.0,36.0,4.0
360,2022-12-17,46.0,27.0,42.0,23.0,8.0,3.0
361,2022-12-14,15.0,37.0,4.0,20.0,6.0,10.0
362,2022-12-12,46.0,25.0,47.0,2.0,35.0,10.0
363,2022-12-10,6.0,43.0,29.0,13.0,27.0,2.0
364,2022-12-07,2.0,12.0,38.0,15.0,10.0,5.0
365,2022-12-05,36.0,45.0,9.0,24.0,17.0,7.0
366,2022-12-03,32.0,19.0,34.0,26.0,27.0,9.0
367,2022-11-30,44.0,18.0,28.0,49.0,30.0,5.0
368,2022-11-28,24.0,46.0,9.0,2.0,13.0,6.0
369,2022-11-26,5.0,7.0,28.0,23.0,2.0,5.0
370,2022-11-23,46.0,36.0,45.0,15.0,19.0,4.0
371,2022-11-21,45.0,33.0,47.0,15.0,23.0,7.0
372,2022-11-19,40.0,24.0,19.0,1.0,28.0,8.0
373,2022-11-16,1.0,8.0,48.0,38.0,3.0,1.0
374,2022-11-14,28.0,23.0,34.0,44.0,14.0,5.0
375,2022-11-12,14.0,44.0,34.0,25.0,4.0,7.0
376,2022-11-09,15.0,2.0,1.0,41.0,30.0,9.0
377,2022-11-07,24.0,8.0,9.0,40.0,31.0,7.0
378,2022-11-05,40.0,6.0,38.0,23.0,32.0,10.0
379,2022-11-02,45.0,7.0,38.0,4.0,26.0,2.0
380,2022-10-31,34.0,25.0,45.0,44.0,4.0,7.0
381,2022-10-29,33.0,28.0,48.0,44.0,26.0,4.0
382,2022-10-26,45.0,30.0,4.0,2.0,23.0,5.0
383,2022-10-24,43.0,28.0,33.0,37.0,29.0,1.0
384,2022-10-22,12.0,2.0,25.0,35.0,7.0,10.0
385,2022-10-19,35.0,16.0,38.0,46.0,25.0,8.0
386,2022-10-17,38.0,49.0,20.0,16.0,40.0,2.0
387,2022-10-15,31.0,16.0,27.0,24.0,46.0,1.0
388,2022-10-12,17.0,44.0,7.0,40.0,39.0,3.0
389,2022-10-10,19.0,40.0,32.0,13.0,46.0,7.0
390,2022-10-08,17.0,20.0,48.0,16.0,34.0,7.0
391,2022-10-05,32.0,23.0,39.0,35.0,14.0,7.0
392,2022-10-03,20.0,40.0,31.0,7.0,23.0,1.0
393,2022-10-01,8.0,7.0,35.0,36.0,26.0,2.0
394,2022-09-28,12.0,39.0,26.0,14.0,29.0,10.0
395,2022-09-26,29.0,49.0,35.0,18.0,39.0,1.0
396,2022-09-24,25.0,6.0,32.0,7.0,4.0,10.0
397,2022-09-21,3.0,12.0,22.0,9.0,37.0,10.0
398,2022-09-19,5.0,7.0,44.0,15.0,33.0,1.0
399,2022-09-17,12.0,17.0,1.0,20.0,3.0,3.0
400,2022-09-14,40.0,10.0,38.0,26.0,45.0,1.0
401,2022-09-12,4.0,49.0,20.0,7.0,21.0,10.0
402,2022-09-10,25.0,3.0,8.0,49.0,24.0,5.0
403,2022-09-07,20.0,35.0,30.0,3.0,29.0,9.0
404,2022-09-05,5.0,1.0,35.0,27.0,40.0,4.0
405,2022-09-03,35.0,24.0,44.0,38.0,32.0,6.0
406,2022-08-31,9.0,39.0,10.0,15.0,45.0,7.0
407,2022-08-29,5.0,10.0,28.0,34.0,22.0,4.0
408,2022-08-27,32.0,39.0,22.0,11.0,34.0,3.0
409,2022-08-24,39.0,42.0,36.0,27.0,22.0,10.0
410,2022-08-22,39.0,46.0,2.0,9.0,44.0,9.0
411,2022-08-20,21.0,38.0,17.0,1.0,46.0,2.0
412,2022-08-17,16.0,5.0,14.0,29.0,17.0,3.0
413,2022-08-15,34.0,4.0,48.0,42.0,22.0,3.0
414,2022-08-13,17.0,38.0,37.0,11.0,39.0,2.0
415,2022-08-10,15.0,35.0,11.0,28.0,9.0,2.0
416,2022-08-08,41.0,22.0,3.0,37.0,40.0,2.0
417,2022-08-06,37.0,28.0,23.0,38.0,6.0,1.0
418,2022-08-03,45.0,10.0,5.0,40.0,32.0,5.0
419,2022-08-01,38.0,1.0,4.0,23.0,30.0,6.0
420,2022-07-30,14.0,21.0,24.0,2.0,38.0,6.0
421,2022-07-27,13.0,43.0,31.0,47.0,46.0,10.0
422,2022-07-25,26.0,42.0,13.0,7.0,24.0,2.0
423,2022-07-23,15.0,47.0,39.0,25.0,41.0,9.0
424,2022-07-20,29.0,21.0,31.0,47.0,17.0,4.0
425,2022-07-18,18.0,29.0,49.0,37.0,5.0,8.0
426,2022-07-16,3.0,33.0,4.0,49.0,14.0,3.0
427,2022-07-13,30.0,48.0,7.0,31.0,46.0,3.0
428,2022-07-11,10.0,5.0,49.0,47.0,1.0,1.0
429,2022-07-09,37.0,24.0,34.0,9.0,8.0,2.0
430,2022-07-06,43.0,16.0,10.0,25.0,44.0,4.0
431,2022-07-04,18.0,20.0,4.0,12.0,26.0,8.0
432,2022-07-02,32.0,20.0,22.0,46.0,34.0,9.0
433,2022-06-29,16.0,47.0,43.0,24.0,26.0,9.0
434,2022-06-27,34.0,31.0,36.0,24.0,37.0,1.0
435,2022-06-25,2.0,47.0,40.0,31.0,49.0,9.0
436,2022-06-22,17.0,40.0,10.0,27.0,23.0,2.0
437,2022-06-20,27.0,47.0,23.0,48.0,14.0,3.0
438,2022-06-18,31.0,1.0,12.0,32.0,28.0,9.0
439,2022-06-15,11.0,37.0,44.0,13.0,21.0,6.0
440,2022-06-13,44.0,45.0,46.0,43.0,31.0,10.0
441,2022-06-11,7.0,28.0,4.0,11.0,10.0,8.0
442,2022-06-08,38.0,33.0,39.0,27.0,26.0,5.0
443,2022-06-06,20.0,5.0,22.0,23.0,18.0,5.0
444,2022-06-04,9.0,23.0,17.0,42.0,6.0,5.0
445,2022-06-01,33.0,4.0,35.0,22.0,2.0,7.0
446,2022-05-30,22.0,12.0,38.0,13.0,14.0,2.0
447,2022-05-28,20.0,27.0,21.0,26.0,7.0,7.0
448,2022-05-25,37.0,30.0,24.0,27.0,45.0,10.0
449,2022-05-23,30.0,26.0,48.0,41.0,47.0,6.0
450,2022-05-21,1.0,12.0,41.0,7.0,21.0,4.0
451,2022-05-18,14.0,23.0,22.0,45.0,36.0,7.0
452,2022-05-16,21.0,33.0,4.0,14.0,32.0,1.0
453,2022-05-14,4.0,44.0,29.0,32.0,24.0,4.0
454,2022-05-11,23.0,45.0,7.0,2.0,46.0,10.0
455,2022-05-09,6.0,33.0,7.0,9.0,15.0,2.0
456,2022-05-07,23.0,37.0,38.0,7.0,15.0,3.0
457,2022-05-04,37.0,30.0,17.0,12.0,41.0,2.0
458,2022-05-02,46.0,20.0,13.0,47.0,8.0,7.0
459,2022-04-30,6.0,27.0,5.0,21.0,47.0,9.0
460,2022-04-27,8.0,13.0,1.0,43.0,31.0,10.0
461,2022-04-25,31.0,36.0,42.0,23.0,8.0,7.0
462,2022-04-23,44.0,20.0,11.0,9.0,42.0,4.0
463,2022-04-20,45.0,46.0,4.0,13.0,33.0,7.0
464,2022-04-18,10.0,39.0,33.0,9.0,47.0,5.0
465,2022-04-16,4.0,41.0,30.0,27.0,21.0,6.0
466,2022-04-13,36.0,29.0,44.0,46.0,35.0,8.0
467,2022-04-11,32.0,3.0,22.0,18.0,17.0,10.0
468,2022-04-09,3.0,15.0,13.0,29.0,40.0,10.0
469,2022-04-06,6.0,20.0,48.0,12.0,38.0,7.0
470,2022-04-04,23.0,22.0,33.0,36.0,10.0,6.0
471,2022-04-02,15.0,6.0,11.0,28.0,24.0,10.0
472,2022-03-30,12.0,34.0,16.0,26.0,10.0,7.0
473,2022-03-28,16.0,48.0,21.0,5.0,26.0,10.0
474,2022-03-26,40.0,10.0,37.0,34.0,12.0,5.0
475,2022-03-23,20.0,2.0,29.0,39.0,18.0,10.0
476,2022-03-21,10.0,26.0,46.0,35.0,5.0,9.0
477,2022-03-19,44.0,38.0,33.0,49.0,41.0,7.0
478,2022-03-16,1.0,49.0,12.0,39.0,24.0,3.0
479,2022-03-14,11.0,5.0,32.0,49.0,9.0,6.0
480,2022-03-12,16.0,47.0,33.0,21.0,5.0,5.0
481,2022-03-09,32.0,8.0,21.0,41.0,25.0,4.0
482,2022-03-07,8.0,27.0,29.0,15.0,41.0,4.0
483,2022-03-05,37.0,26.0,36.0,14.0,1.0,3.0
484,2022-03-02,46.0,4.0,3.0,43.0,22.0,6.0
485,2022-02-28,43.0,9.0,21.0,36.0,27.0,2.0
486,2022-02-26,29.0,39.0,28.0,22.0,30.0,3.0
487,2022-02-23,33.0,15.0,6.0,12.0,14.0,8.0
488,2022-02-21,2.0,6.0,10.0,32.0,17.0,5.0
489,2022-02-19,32.0,24.0,49.0,39.0,40.0,1.0
490,2022-02-16,22.0,24.0,41.0,21.0,32.0,2.0
491,2022-02-14,26.0,13.0,29.0,15.0,20.0,5.0
492,2022-02-12,45.0,22.0,28.0,40.0,37.0,10.0
493,2022-02-09,44.0,48.0,31.0,46.0,21.0,1.0
494,2022-02-07,37.0,15.0,18.0,31.0,46.0,3.0
495,2022-02-05,48.0,31.0,24.0,11.0,38.0,9.0
496,2022-02-02,11.0,37.0,49.0,28.0,40.0,4.0
497,2022-01-31,25.0,32.0,31.0,36.0,10.0,8.0
498,2022-01-29,42.0,29.0,25.0,46.0,8.0,9.0
499,2022-01-26,14.0,16.0,33.0,38.0,45.0,10.0
500,2022-01-24,15.0,38.0,7.0,4.0,40.0,2.0
501,2022-01-22,26.0,3.0,39.0,17.0,30.0,8.0
502,2022-01-19,44.0,27.0,41.0,8.0,43.0,6.0
503,2022-01-17,4.0,27.0,5.0,15.0,22.0,9.0
504,2022-01-15,19.0,10.0,30.0,13.0,47.0,8.0
505,2022-01-12,23.0,20.0,1.0,26.0,44.0,4.0
506,2022-01-10,14.0,43.0,34.0,41.0,35.0,9.0
507,2022-01-08,22.0,42.0,43.0,17.0,25.0,10.0
508,2022-01-05,17.0,45.0,30.0,32.0,6.0,4.0
509,2022-01-03,33.0,36.0,34.0,38.0,22.0,5.0
510,2022-01-01,30.0,36.0,14.0,6.0,39.0,5.0
511,2021-12-29,21.0,18.0,33.0,49.0,48.0,7.0
512,2021-12-27,32.0,20.0,6.0,12.0,14.0,8.0
513,2021-12-25,6.0,25.0,48.0,21.0,37.0,10.0
514,2021-12-22,41.0,20.0,46.0,11.0,24.0,1.0
515,2021-12-20,22.0,23.0,12.0,47.0,25.0,1.0
516,2021-12-18,10.0,46.0,2.0,31.0,38.0,8.0
517,2021-12-15,34.0,47.0,11.0,37.0,38.0,8.0
518,2021-12-13,23.0,38.0,36.0,18.0,19.0,1.0
519,2021-12-11,16.0,45.0,34.0,42.0,26.0,9.0
520,2021-12-08,28.0,26.0,1.0,30.0,16.0,4.0
521,2021-12-06,29.0,16.0,36.0,7.0,15.0,6.0
522,2021-12-04,23.0,18.0,34.0,5.0,44.0,5.0
523,2021-12-01,26.0,18.0,3.0,49.0,46.0,6.0
524,2021-11-29,30.0,26.0,35.0,44.0,31.0,4.0
525,2021-11-27,25.0,28.0,46.0,12.0,27.0,4.0
526,2021-11-24,14.0,34.0,39.0,24.0,47.0,8.0
527,2021-11-22,19.0,12.0,8.0,41.0,16.0,5.0
528,2021-11-20,44.0,9.0,18.0,17.0,42.0,8.0
529,2021-11-17,37.0,40.0,36.0,4.0,43.0,6.0
530,2021-11-15,34.0,7.0,8.0,41.0,42.0,8.0
531,2021-11-13,39.0,13.0,12.0,31.0,26.0,6.0
532,2021-11-10,31.0,12.0,9.0,40.0,41.0,2.0
533,2021-11-08,44.0,32.0,11.0,48.0,7.0,3.0
534,2021-11-06,19.0,2.0,18.0,22.0,4.0,3.0
535,2021-11-03,7.0,39.0,31.0,38.0,42.0,10.0
536,2021-11-01,47.0,27.0,26.0,43.0,1.0,6.0
537,2021-10-30,46.0,11.0,43.0,12.0,30.0,9.0
538,2021-10-27,41.0,16.0,44.0,27.0,15.0,9.0
539,2021-10-25,31.0,48.0,43.0,37.0,3.0,10.0
540,2021-10-23,6.0,36.0,35.0,10.0,48.0,9.0
541,2021-10-20,26.0,35.0,16.0,22.0,42.0,4.0
542,2021-10-18,41.0,27.0,36.0,35.0,9.0,6.0
543,2021-10-16,23.0,15.0,46.0,5.0,37.0,10.0
544,2021-10-13,21.0,20.0,19.0,43.0,49.0,10.0
545,2021-10-11,26.0,7.0,1.0,9.0,28.0,3.0
546,2021-10-09,22.0,29.0,19.0,15.0,34.0,3.0
547,2021-10-06,44.0,34.0,20.0,8.0,41.0,2.0
548,2021-10-04,44.0,15.0,5.0,19.0,7.0,1.0
549,2021-10-02,6.0,46.0,35.0,20.0,8.0,9.0
550,2021-09-29,6.0,39.0,28.0,13.0,33.0,10.0
551,2021-09-27,12.0,26.0,31.0,40.0,37.0,3.0
552,2021-09-25,20.0,35.0,49.0,18.0,16.0,1.0
553,2021-09-22,5.0,40.0,13.0,14.0,9.0,1.0
554,2021-09-20,12.0,10.0,45.0,15.0,31.0,5.0
555,2021-09-18,39.0,38.0,21.0,2.0,9.0,2.0
556,2021-09-15,48.0,22.0,4.0,30.0,27.0,7.0
557,2021-09-13,4.0,30.0,24.0,21.0,40.0,4.0
558,2021-09-11,5.0,3.0,49.0,33.0,15.0,8.0
559,2021-09-08,7.0,34.0,27.0,12.0,15.0,4.0
560,2021-09-06,3.0,31.0,36.0,13.0,40.0,9.0
561,2021-09-04,41.0,49.0,30.0,45.0,35.0,3.0
562,2021-09-01,49.0,27.0,32.0,24.0,17.0,7.0
563,2021-08-30,32.0,34.0,18.0,44.0,3.0,9.0
564,2021-08-28,48.0,43.0,46.0,11.0,8.0,9.0
565,2021-08-25,19.0,9.0,29.0,26.0,3.0,8.0
566,2021-08-23,13.0,22.0,31.0,11.0,21.0,6.0
567,2021-08-21,46.0,8.0,2.0,19.0,29.0,2.0
568,2021-08-18,4.0,7.0,12.0,24.0,25.0,2.0
569,2021-08-16,22.0,27.0,13.0,10.0,49.0,4.0
570,2021-08-14,4.0,28.0,42.0,49.0,35.0,7.0
571,2021-08-11,43.0,13.0,21.0,5.0,6.0,4.0
572,2021-08-09,37.0,43.0,45.0,28.0,38.0,3.0
573,2021-08-07,7.0,24.0,36.0,6.0,47.0,10.0
574,2021-08-04,21.0,36.0,22.0,20.0,44.0,10.0
575,2021-08-02,24.0,44.0,46.0,42.0,7.0,2.0
576,2021-07-31,22.0,6.0,46.0,7.0,17.0,3.0
577,2021-07-28,1.0,28.0,3.0,29.0,8.0,6.0
578,2021-07-26,42.0,5.0,34.0,21.0,37.0,10.0
579,2021-07-24,24.0,40.0,5.0,31.0,22.0,9.0
580,2021-07-21,27.0,25.0,6.0,37.0,32.0,9.0
581,2021-07-19,3.0,28.0,15.0,4.0,2.0,5.0
582,2021-07-17,31.0,8.0,47.0,11.0,17.0,6.0
583,2021-07-14,36.0,18.0,38.0,31.0,29.0,10.0
584,2021-07-12,38.0,31.0,8.0,37.0,30.0,1.0
585,2021-07-10,43.0,3.0,38.0,42.0,46.0,1.0
586,2021-07-07,37.0,18.0,8.0,44.0,46.0,2.0
587,2021-07-05,43.0,36.0,3.0,32.0,45.0,2.0
588,2021-07-03,33.0,48.0,13.0,2.0,19.0,2.0
589,2021-06-30,8.0,44.0,6.0,48.0,31.0,9.0
590,2021-06-28,4.0,28.0,48.0,8.0,15.0,1.0
591,2021-06-26,37.0,24.0,38.0,13.0,45.0,6.0
592,2021-06-23,1.0,16.0,6.0,3.0,40.0,1.0
593,2021-06-21,44.0,21.0,25.0,18.0,47.0,10.0
594,2021-06-19,3.0,44.0,46.0,27.0,14.0,6.0
595,2021-06-16,22.0,23.0,35.0,46.0,3.0,9.0
596,2021-06-14,40.0,12.0,47.0,21.0,19.0,7.0
597,2021-06-12,9.0,2.0,5.0,29.0,10.0,1.0
598,2021-06-09,16.0,33.0,41.0,2.0,24.0,8.0
599,2021-06-07,6.0,28.0,34.0,7.0,11.0,8.0
600,2021-06-05,45.0,16.0,6.0,37.0,25.0,9.0
601,2021-06-02,33.0,34.0,25.0,3.0,26.0,6.0
602,2021-05-31,25.0,3.0,13.0,32.0,47.0,9.0
603,2021-05-29,32.0,4.0,36.0,44.0,9.0,3.0
604,2021-05-26,20.0,1.0,22.0,5.0,42.0,6.0
605,2021-05-24,11.0,44.0,47.0,29.0,7.0,9.0
606,2021-05-22,9.0,2.0,45.0,19.0,7.0,10.0
607,2021-05-19,28.0,17.0,41.0,3.0,23.0,3.0
608,2021-05-17,23.0,42.0,3.0,17.0,47.0,4.0
609,2021-05-15,7.0,31.0,29.0,24.0,47.0,3.0
610,2021-05-12,19.0,11.0,22.0,36.0,9.0,1.0
611,2021-05-10,44.0,12.0,13.0,17.0,27.0,10.0
612,2021-05-08,41.0,35.0,40.0,6.0,24.0,6.0
613,2021-05-05,36.0,48.0,46.0,41.0,8.0,6.0
614,2021-05-03,44.0,8.0,11.0,48.0,37.0,6.0
615,2021-05-01,27.0,25.0,5.0,34.0,38.0,7.0
616,2021-04-28,4.0,15.0,10.0,49.0,12.0,6.0
617,2021-04-26,2.0,34.0,41.0,32.0,8.0,6.0
618,2021-04-24,41.0,12.0,26.0,42.0,36.0,7.0
619,2021-04-21,45.0,31.0,6.0,49.0,39.0,4.0
620,2021-04-19,49.0,17.0,36.0,44.0,27.0,1.0
621,2021-04-17,38.0,37.0,17.0,34.0,30.0,1.0
622,2021-04-14,27.0,25.0,20.0,23.0,47.0,6.0
623,2021-04-12,43.0,14.0,26.0,7.0,11.0,7.0
624,2021-04-10,9.0,35.0,15.0,8.0,4.0,8.0
625,2021-04-07,35.0,19.0,9.0,16.0,43.0,4.0
626,2021-04-05,32.0,22.0,2.0,12.0,15.0,8.0
627,2021-04-03,17.0,1.0,38.0,2.0,45.0,2.0
628,2021-03-31,2.0,27.0,24.0,35.0,22.0,5.0
629,2021-03-29,41.0,28.0,18.0,13.0,38.0,1.0
630,2021-03-27,16.0,11.0,18.0,8.0,10.0,5.0
631,2021-03-24,22.0,38.0,28.0,37.0,9.0,10.0
632,2021-03-22,15.0,6.0,34.0,39.0,24.0,4.0
633,2021-03-20,42.0,18.0,14.0,4.0,27.0,3.0
634,2021-03-17,45.0,18.0,46.0,3.0,30.0,3.0
635,2021-03-15,29.0,38.0,33.0,15.0,41.0,2.0
636,2021-03-13,47.0,22.0,19.0,4.0,10.0,8.0
637,2021-03-10,26.0,42.0,33.0,20.0,34.0,9.0
638,2021-03-08,24.0,8.0,38.0,19.0,40.0,10.0
639,2021-03-06,11.0,22.0,3.0,13.0,30.0,8.0
640,2021-03-03,38.0,8.0,41.0,49.0,19.0,7.0
641,2021-03-01,4.0,14.0,21.0,47.0,8.0,9.0
642,2021-02-27,4.0,29.0,42.0,43.0,11.0,10.0
643,2021-02-24,47.0,18.0,41.0,10.0,19.0,2.0
644,2021-02-22,3.0,37.0,26.0,15.0,24.0,7.0
645,2021-02-20,21.0,36.0,19.0,39.0,49.0,5.0
646,2021-02-17,34.0,31.0,35.0,41.0,29.0,8.0
647,2021-02-15,13.0,22.0,17.0,6.0,12.0,7.0
648,2021-02-13,13.0,17.0,31.0,28.0,9.0,10.0
649,2021-02-10,44.0,13.0,29.0,15.0,33.0,4.0
650,2021-02-08,19.0,10.0,9.0,29.0,5.0,8.0
651,2021-02-06,44.0,42.0,15.0,9.0,47.0,10.0
652,2021-02-03,17.0,31.0,26.0,37.0,21.0,10.0
653,2021-02-01,1.0,18.0,45.0,17.0,21.0,9.0
654,2021-01-30,17.0,5.0,33.0,9.0,37.0,4.0
655,2021-01-27,27.0,44.0,25.0,23.0,6.0,6.0
656,2021-01-25,13.0,31.0,49.0,7.0,3.0,5.0
657,2021-01-23,1.0,19.0,13.0,24.0,48.0,5.0
658,2021-01-20,21.0,11.0,22.0,40.0,32.0,9.0
659,2021-01-18,5.0,43.0,10.0,48.0,25.0,10.0
660,2021-01-16,44.0,20.0,14.0,22.0,36.0,2.0
661,2021-01-13,32.0,42.0,30.0,17.0,41.0,5.0
662,2021-01-11,33.0,46.0,8.0,17.0,1.0,5.0
663,2021-01-09,49.0,12.0,27.0,11.0,7.0,1.0
664,2021-01-06,41.0,21.0,32.0,47.0,11.0,9.0
665,2021-01-04,31.0,39.0,30.0,49.0,19.0,8.0
666,2021-01-02,5.0,27.0,7.0,24.0,41.0,10.0
667,2020-12-30,36.0,20.0,13.0,31.0,38.0,1.0
668,2020-12-28,41.0,34.0,42.0,22.0,1.0,5.0
669,2020-12-26,31.0,3.0,40.0,35.0,2.0,7.0
670,2020-12-23,5.0,3.0,39.0,31.0,38.0,9.0
671,2020-12-21,10.0,31.0,36.0,37.0,44.0,5.0
672,2020-12-19,30.0,29.0,49.0,23.0,10.0,5.0
673,2020-12-16,21.0,6.0,41.0,17.0,16.0,9.0
674,2020-12-14,47.0,48.0,13.0,34.0,2.0,6.0
675,2020-12-12,14.0,31.0,9.0,45.0,23.0,6.0
676,2020-12-09,47.0,17.0,48.0,39.0,24.0,7.0
677,2020-12-07,45.0,27.0,48.0,4.0,38.0,4.0
678,2020-12-05,34.0,20.0,14.0,35.0,9.0,1.0
679,2020-12-02,23.0,14.0,40.0,46.0,27.0,1.0
680,2020-11-30,28.0,9.0,26.0,29.0,18.0,3.0
681,2020-11-28,9.0,25.0,2.0,47.0,35.0,10.0
682,2020-11-25,1.0,26.0,14.0,31.0,10.0,4.0
683,2020-11-23,15.0,20.0,12.0,6.0,1.0,1.0
684,2020-11-21,49.0,17.0,44.0,5.0,46.0,4.0
685,2020-11-18,28.0,11.0,14.0,43.0,41.0,8.0
686,2020-11-16,7.0,47.0,16.0,33.0,42.0,7.0
687,2020-11-14,40.0,26.0,17.0,24.0,43.0,9.0
688,2020-11-11,15.0,17.0,10.0,37.0,16.0,9.0
689,2020-11-09,26.0,18.0,41.0,38.0,5.0,10.0
690,2020-11-07,45.0,5.0,48.0,42.0,30.0,9.0
691,2020-11-04,29.0,10.0,16.0,14.0,9.0,1.0
692,2020-11-02,42.0,43.0,38.0,33.0,31.0,3.0
693,2020-10-31,22.0,35.0,9.0,28.0,13.0,5.0
694,2020-10-28,25.0,43.0,30.0,2.0,19.0,9.0
695,2020-10-26,33.0,7.0,8.0,12.0,22.0,5.0
696,2020-10-24,8.0,25.0,4.0,12.0,45.0,2.0
697,2020-10-21,35.0,48.0,33.0,21.0,15.0,1.0
698,2020-10-19,7.0,35.0,48.0,28.0,25.0,1.0
699,2020-10-17,28.0,23.0,24.0,9.0,20.0,4.0
700,2020-10-14,19.0,42.0,32.0,26.0,39.0,6.0
701,2020-10-12,18.0,7.0,21.0,42.0,11.0,3.0
702,2020-10-10,48.0,26.0,31.0,47.0,42.0,8.0
703,2020-10-07,17.0,30.0,6.0,49.0,19.0,2.0
704,2020-10-05,6.0,22.0,19.0,5.0,9.0,5.0
705,2020-10-03,31.0,36.0,9.0,33.0,18.0,2.0
706,2020-09-30,26.0,24.0,49.0,32.0,2.0,5.0
707,2020-09-28,33.0,22.0,44.0,6.0,35.0,2.0
708,2020-09-26,4.0,31.0,49.0,8.0,39.0,9.0
709,2020-09-23,11.0,5.0,25.0,23.0,33.0,5.0
710,2020-09-21,46.0,41.0,38.0,19.0,16.0,9.0
711,2020-09-19,33.0,42.0,27.0,46.0,32.0,7.0
712,2020-09-16,28.0,19.0,49.0,23.0,17.0,7.0
713,2020-09-14,23.0,49.0,5.0,13.0,32.0,2.0
714,2020-09-12,16.0,46.0,12.0,21.0,24.0,2.0
715,2020-09-09,24.0,48.0,20.0,29.0,45.0,3.0
716,2020-09-07,37.0,35.0,31.0,44.0,14.0,7.0
717,2020-09-05,22.0,15.0,19.0,24.0,46.0,3.0
718,2020-09-02,14.0,23.0,21.0,47.0,3.0,3.0
719,2020-08-31,7.0,16.0,17.0,4.0,11.0,10.0
720,2020-08-29,23.0,15.0,38.0,21.0,39.0,4.0
721,2020-08-26,13.0,45.0,4.0,40.0,31.0,3.0
722,2020-08-24,28.0,18.0,22.0,37.0,19.0,2.0
723,2020-08-22,7.0,11.0,5.0,32.0,33.0,5.0
724,2020-08-19,35.0,11.0,13.0,4.0,34.0,1.0
725,2020-08-17,6.0,1.0,39.0,48.0,40.0,6.0
726,2020-08-15,5.0,41.0,3.0,42.0,15.0,7.0
727,2020-08-12,17.0,47.0,30.0,3.0,44.0,3.0
728,2020-08-10,28.0,38.0,2.0,1.0,11.0,6.0
729,2020-08-08,35.0,42.0,49.0,4.0,6.0,9.0
730,2020-08-05,46.0,32.0,22.0,15.0,17.0,8.0
731,2020-08-03,43.0,48.0,42.0,23.0,30.0,7.0
732,2020-08-01,17.0,18.0,25.0,38.0,9.0,9.0
733,2020-07-29,47.0,46.0,7.0,19.0,39.0,5.0
734,2020-07-27,19.0,24.0,45.0,15.0,25.0,3.0
735,2020-07-25,18.0,10.0,6.0,15.0,48.0,4.0
736,2020-07-22,4.0,28.0,38.0,20.0,18.0,1.0
737,2020-07-20,8.0,42.0,22.0,28.0,26.0,2.0
738,2020-07-18,11.0,42.0,22.0,34.0,43.0,4.0
739,2020-07-15,6.0,12.0,4.0,35.0,44.0,3.0
740,2020-07-13,24.0,3.0,35.0,46.0,2.0,8.0
741,2020-07-11,32.0,6.0,35.0,28.0,40.0,7.0
742,2020-07-08,30.0,48.0,37.0,9.0,26.0,8.0
743,2020-07-06,2.0,11.0,42.0,30.0,35.0,6.0
744,2020-07-04,23.0,13.0,27.0,44.0,36.0,6.0
745,2020-07-01,44.0,47.0,5.0,13.0,14.0,8.0
746,2020-06-29,21.0,29.0,20.0,47.0,46.0,7.0
747,2020-06-27,1.0,39.0,2.0,6.0,27.0,4.0
748,2020-06-24,36.0,8.0,31.0,34.0,17.0,7.0
749,2020-06-22,9.0,36.0,5.0,21.0,39.0,5.0
750,2020-06-20,8.0,24.0,33.0,38.0,14.0,5.0
751,2020-06-17,26.0,13.0,10.0,20.0,46.0,1.0
752,2020-06-15,22.0,49.0,26.0,2.0,47.0,2.0
753,2020-06-13,25.0,32.0,6.0,5.0,28.0,4.0
754,2020-06-10,47.0,36.0,20.0,11.0,9.0,2.0
755,2020-06-08,8.0,22.0,26.0,46.0,2.0,1.0
756,2020-06-06,14.0,7.0,43.0,44.0,29.0,5.0
757,2020-06-03,12.0,13.0,26.0,44.0,16.0,6.0
758,2020-06-01,24.0,26.0,2.0,36.0,32.0,7.0
759,2020-05-30,5.0,14.0,42.0,44.0,16.0,9.0
760,2020-05-27,29.0,6.0,12.0,44.0,31.0,6.0
761,2020-05-25,9.0,26.0,30.0,42.0,36.0,4.0
762,2020-05-23,22.0,28.0,3.0,23.0,29.0,2.0
763,2020-05-20,45.0,14.0,39.0,20.0,47.0,8.0
764,2020-05-18,20.0,30.0,35.0,14.0,10.0,9.0
765,2020-05-16,26.0,27.0,41.0,46.0,19.0,4.0
766,2020-05-13,43.0,4.0,17.0,38.0,49.0,8.0
767,2020-05-11,34.0,5.0,33.0,3.0,17.0,10.0
768,2020-05-09,48.0,39.0,29.0,47.0,35.0,7.0
769,2020-05-06,48.0,36.0,14.0,15.0,10.0,3.0
770,2020-05-04,39.0,8.0,9.0,33.0,15.0,10.0
771,2020-05-02,43.0,22.0,12.0,30.0,9.0,4.0
772,2020-04-29,25.0,29.0,47.0,5.0,7.0,1.0
773,2020-04-27,41.0,11.0,19.0,29.0,14.0,9.0
774,2020-04-25,49.0,6.0,24.0,13.0,10.0,3.0
775,2020-04-22,28.0,30.0,43.0,40.0,41.0,7.0
776,2020-04-20,37.0,5.0,9.0,7.0,41.0,6.0
777,2020-04-18,45.0,1.0,33.0,47.0,27.0,8.0
778,2020-04-15,16.0,1.0,31.0,48.0,3.0,6.0
779,2020-04-13,42.0,1.0,19.0,23.0,17.0,9.0
780,2020-04-11,8.0,43.0,1.0,48.0,41.0,7.0
781,2020-04-08,16.0,9.0,19.0,26.0,6.0,9.0
782,2020-04-06,23.0,29.0,18.0,35.0,7.0,4.0
783,2020-04-04,40.0,2.0,35.0,39.0,42.0,9.0
784,2020-04-01,41.0,48.0,42.0,28.0,3.0,6.0
785,2020-03-30,21.0,37.0,12.0,17.0,23.0,7.0
786,2020-03-28,35.0,23.0,26.0,32.0,22.0,5.0
787,2020-03-25,40.0,45.0,24.0,32.0,34.0,1.0
788,2020-03-23,28.0,49.0,5.0,48.0,21.0,2.0
789,2020-03-21,16.0,37.0,8.0,7.0,42.0,8.0
790,2020-03-18,48.0,10.0,46.0,28.0,29.0,9.0
791,2020-03-16,44.0,16.0,4.0,40.0,23.0,3.0
792,2020-03-14,28.0,41.0,38.0,31.0,43.0,10.0
793,2020-03-11,38.0,45.0,5.0,14.0,46.0,1.0
794,2020-03-09,26.0,41.0,5.0,33.0,42.0,7.0
795,2020-03-07,5.0,35.0,37.0,4.0,24.0,2.0
796,2020-03-04,10.0,17.0,33.0,30.0,49.0,4.0
797,2020-03-02,42.0,26.0,21.0,39.0,40.0,5.0
798,2020-02-29,37.0,24.0,19.0,10.0,5.0,6.0
799,2020-02-26,20.0,6.0,30.0,32.0,45.0,4.0
800,2020-02-24,20.0,15.0,27.0,9.0,47.0,7.0
801,2020-02-22,4.0,39.0,26.0,5.0,24.0,4.0
802,2020-02-19,40.0,16.0,21.0,41.0,46.0,2.0
803,2020-02-17,44.0,39.0,7.0,41.0,19.0,1.0
804,2020-02-15,48.0,4.0,25.0,5.0,45.0,7.0
805,2020-02-12,47.0,38.0,17.0,30.0,43.0,5.0
806,2020-02-10,15.0,49.0,37.0,25.0,38.0,8.0
807,2020-02-08,47.0,31.0,12.0,45.0,7.0,10.0
808,2020-02-05,30.0,21.0,6.0,11.0,29.0,4.0
809,2020-02-03,49.0,20.0,7.0,31.0,33.0,4.0
810,2020-02-01,36.0,25.0,22.0,21.0,16.0,9.0
811,2020-01-29,31.0,30.0,6.0,14.0,45.0,8.0
812,2020-01-27,27.0,12.0,10.0,7.0,41.0,1.0
813,2020-01-25,36.0,17.0,30.0,7.0,11.0,5.0
814,2020-01-22,25.0,28.0,42.0,26.0,12.0,10.0
815,2020-01-20,13.0,38.0,31.0,30.0,26.0,1.0
816,2020-01-18,12.0,1.0,33.0,13.0,2.0,9.0
817,2020-01-15,35.0,19.0,8.0,22.0,46.0,2.0
818,2020-01-13,16.0,11.0,25.0,32.0,14.0,9.0
819,2020-01-11,48.0,14.0,2.0,23.0,13.0,3.0
820,2020-01-08,17.0,44.0,29.0,16.0,37.0,8.0
821,2020-01-06,49.0,10.0,19.0,26.0,30.0,3.0
822,2020-01-04,22.0,9.0,43.0,31.0,34.0,5.0
823,2020-01-01,11.0,7.0,32.0,24.0,4.0,10.0
824,2019-12-30,12.0,38.0,34.0,32.0,48.0,6.0
825,2019-12-28,24.0,48.0,49.0,18.0,8.0,8.0
826,2019-12-25,36.0,40.0,45.0,24.0,15.0,9.0
827,2019-12-23,37.0,36.0,32.0,20.0,7.0,2.0
828,2019-12-21,48.0,23.0,27.0,19.0,22.0,2.0
829,2019-12-18,23.0,6.0,17.0,5.0,7.0,9.0
830,2019-12-16,38.0,26.0,39.0,35.0,10.0,6.0
831,2019-12-14,3.0,48.0,17.0,4.0,38.0,9.0
832,2019-12-11,25.0,33.0,48.0,1.0,40.0,8.0
833,2019-12-09,1.0,34.0,15.0,24.0,25.0,8.0
834,2019-12-07,40.0,29.0,44.0,38.0,10.0,8.0
835,2019-12-04,8.0,30.0,26.0,35.0,40.0,2.0
836,2019-12-02,39.0,28.0,14.0,11.0,42.0,9.0
837,2019-11-30,7.0,25.0,17.0,48.0,16.0,3.0
838,2019-11-27,44.0,2.0,15.0,29.0,18.0,4.0
839,2019-11-25,44.0,41.0,35.0,33.0,38.0,8.0
840,2019-11-23,4.0,27.0,28.0,9.0,22.0,4.0
841,2019-11-20,22.0,23.0,7.0,30.0,37.0,3.0
842,2019-11-18,31.0,44.0,6.0,15.0,12.0,7.0
843,2019-11-16,10.0,49.0,30.0,12.0,29.0,9.0
844,2019-11-13,22.0,13.0,10.0,35.0,19.0,1.0
845,2019-11-11,28.0,14.0,27.0,13.0,25.0,5.0
846,2019-11-09,26.0,24.0,6.0,18.0,29.0,3.0
847,2019-11-06,43.0,27.0,23.0,44.0,42.0,10.0
848,,,,,,,
849,2019-11-02,41.0,1.0,18.0,16.0,13.0,3.0
850,2019-10-30,46.0,13.0,48.0,2.0,22.0,1.0
851,2019-10-28,46.0,17.0,36.0,35.0,18.0,4.0
852,2019-10-26,11.0,30.0,44.0,13.0,20.0,9.0
853,2019-10-23,49.0,44.0,31.0,33.0,40.0,1.0
854,2019-10-21,13.0,42.0,40.0,48.0,3.0,4.0
855,2019-10-19,36.0,23.0,24.0,31.0,32.0,8.0
856,2019-10-16,19.0,30.0,5.0,18.0,35.0,2.0
857,2019-10-14,16.0,48.0,18.0,24.0,6.0,9.0
858,2019-10-12,27.0,16.0,12.0,37.0,10.0,9.0
859,2019-10-09,14.0,39.0,17.0,44.0,36.0,5.0
860,2019-10-07,19.0,4.0,2.0,35.0,11.0,5.0
861,2019-10-05,30.0,2.0,38.0,16.0,31.0,5.0
862,2019-10-02,33.0,37.0,32.0,35.0,49.0,3.0
863,2019-09-30,43.0,2.0,33.0,23.0,47.0,2.0
864,2019-09-28,18.0,15.0,12.0,19.0,40.0,5.0
865,2019-09-25,7.0,1.0,26.0,22.0,15.0,3.0
866,2019-09-23,36.0,20.0,42.0,34.0,29.0,4.0
867,2019-09-21,15.0,42.0,41.0,44.0,8.0,10.0
868,2019-09-18,16.0,6.0,36.0,5.0,3.0,10.0
869,2019-09-16,42.0,35.0,31.0,32.0,13.0,5.0
870,2019-09-14,28.0,23.0,18.0,26.0,19.0,9.0
871,2019-09-11,35.0,19.0,6.0,27.0,14.0,10.0
872,2019-09-09,42.0,2.0,44.0,28.0,5.0,8.0
873,2019-09-07,16.0,12.0,27.0,30.0,2.0,2.0
874,2019-09-04,25.0,2.0,4.0,7.0,35.0,3.0
875,2019-09-02,6.0,2.0,44.0,33.0,21.0,4.0
876,2019-08-31,47.0,21.0,25.0,19.0,38.0,4.0
877,2019-08-28,14.0,25.0,47.0,7.0,42.0,5.0
878,2019-08-26,4.0,21.0,46.0,27.0,47.0,6.0
879,2019-08-24,23.0,31.0,15.0,38.0,17.0,4.0
880,2019-08-21,17.0,3.0,38.0,1.0,25.0,8.0
881,2019-08-19,14.0,31.0,7.0,28.0,2.0,3.0
882,2019-08-17,1.0,21.0,28.0,8.0,37.0,2.0
883,2019-08-14,45.0,17.0,27.0,48.0,34.0,2.0
884,2019-08-12,31.0,30.0,9.0,20.0,34.0,10.0
885,2019-08-10,37.0,4.0,12.0,9.0,18.0,3.0
886,2019-08-07,26.0,28.0,36.0,29.0,5.0,4.0
887,2019-08-05,5.0,45.0,22.0,26.0,33.0,9.0
888,2019-08-03,10.0,4.0,5.0,23.0,7.0,4.0
889,2019-07-31,32.0,18.0,8.0,36.0,30.0,5.0
890,2019-07-29,6.0,29.0,3.0,47.0,21.0,3.0
891,2019-07-27,25.0,28.0,39.0,47.0,31.0,8.0
892,2019-07-24,39.0,25.0,10.0,32.0,40.0,10.0
893,2019-07-22,28.0,37.0,44.0,11.0,7.0,3.0
894,2019-07-20,21.0,17.0,29.0,35.0,18.0,6.0
895,2019-07-17,26.0,4.0,27.0,47.0,28.0,8.0
896,2019-07-15,10.0,1.0,19.0,13.0,3.0,4.0
897,2019-07-13,27.0,18.0,49.0,37.0,48.0,10.0
898,2019-07-10,7.0,21.0,29.0,35.0,47.0,6.0
899,2019-07-08,26.0,11.0,38.0,20.0,33.0,10.0
900,2019-07-06,13.0,6.0,2.0,27.0,12.0,10.0
901,2019-07-03,39.0,38.0,8.0,31.0,45.0,8.0
902,2019-07-01,38.0,23.0,41.0,3.0,17.0,3.0
903,2019-06-29,46.0,42.0,1.0,4.0,3.0,3.0
904,2019-06-26,4.0,47.0,43.0,30.0,7.0,10.0
905,2019-06-24,33.0,16.0,1.0,32.0,45.0,6.0
906,2019-06-22,13.0,20.0,10.0,25.0,27.0,2.0
907,2019-06-19,45.0,46.0,4.0,36.0,18.0,5.0
908,2019-06-17,20.0,49.0,31.0,12.0,13.0,2.0
909,2019-06-15,2.0,13.0,20.0,30.0,37.0,6.0
910,2019-06-12,25.0,31.0,45.0,38.0,3.0,9.0
911,2019-06-10,9.0,24.0,18.0,49.0,39.0,8.0
912,2019-06-08,14.0,41.0,9.0,10.0,45.0,1.0
913,2019-06-05,28.0,47.0,26.0,38.0,17.0,7.0
914,2019-06-03,42.0,12.0,9.0,41.0,33.0,1.0
915,2019-06-01,35.0,26.0,13.0,45.0,20.0,3.0
916,2019-05-29,36.0,48.0,14.0,13.0,6.0,2.0
917,2019-05-27,33.0,13.0,28.0,18.0,42.0,9.0
918,2019-05-25,42.0,47.0,2.0,13.0,43.0,10.0
919,2019-05-22,1.0,48.0,27.0,49.0,37.0,1.0
920,2019-05-20,32.0,14.0,43.0,29.0,41.0,1.0
921,2019-05-18,19.0,4.0,10.0,42.0,46.0,5.0
922,2019-05-15,38.0,44.0,46.0,27.0,42.0,1.0
923,2019-05-13,15.0,24.0,37.0,40.0,41.0,4.0
924,2019-05-11,24.0,44.0,34.0,19.0,45.0,2.0
925,2019-05-08,2.0,16.0,4.0,20.0,35.0,5.0
926,2019-05-06,23.0,38.0,5.0,24.0,35.0,3.0
927,2019-05-04,38.0,18.0,3.0,24.0,29.0,9.0
928,2019-05-01,26.0,48.0,25.0,16.0,34.0,8.0
929,2019-04-29,33.0,43.0,39.0,6.0,29.0,2.0
930,2019-04-27,27.0,17.0,26.0,25.0,33.0,2.0
931,2019-04-24,3.0,11.0,35.0,13.0,15.0,3.0
932,2019-04-22,39.0,7.0,21.0,29.0,5.0,7.0
933,2019-04-20,4.0,30.0,15.0,49.0,45.0,3.0
934,2019-04-17,29.0,17.0,34.0,48.0,8.0,3.0
935,2019-04-15,32.0,44.0,40.0,17.0,38.0,6.0
936,2019-04-13,17.0,9.0,1.0,24.0,46.0,8.0
937,2019-04-10,22.0,23.0,14.0,42.0,16.0,5.0
938,2019-04-08,24.0,9.0,26.0,15.0,13.0,9.0
939,2019-04-06,19.0,26.0,13.0,27.0,24.0,7.0
940,2019-04-03,16.0,38.0,18.0,45.0,10.0,3.0
941,2019-04-01,32.0,14.0,35.0,46.0,11.0,10.0
942,2019-03-30,15.0,44.0,41.0,3.0,2.0,3.0
943,2019-03-27,49.0,45.0,25.0,10.0,19.0,1.0
944,2019-03-25,46.0,47.0,23.0,22.0,24.0,2.0
945,2019-03-23,12.0,1.0,40.0,28.0,26.0,6.0
946,2019-03-20,13.0,3.0,21.0,2.0,40.0,8.0
947,2019-03-18,38.0,23.0,45.0,24.0,44.0,6.0
948,2019-03-16,33.0,19.0,1.0,31.0,22.0,1.0
949,2019-03-13,29.0,5.0,20.0,8.0,32.0,3.0
950,2019-03-11,25.0,24.0,16.0,6.0,5.0,1.0
951,2019-03-09,32.0,47.0,43.0,35.0,15.0,10.0
952,2019-03-06,14.0,23.0,15.0,44.0,46.0,5.0
953,2019-03-04,4.0,15.0,11.0,36.0,33.0,2.0
954,2019-03-02,46.0,42.0,38.0,25.0,16.0,9.0
955,2019-02-27,14.0,1.0,34.0,19.0,4.0,2.0
956,2019-02-25,7.0,44.0,37.0,48.0,38.0,7.0
957,2019-02-23,3.0,45.0,13.0,4.0,44.0,5.0
958,2019-02-20,25.0,29.0,8.0,34.0,15.0,1.0
959,2019-02-18,18.0,9.0,11.0,33.0,7.0,9.0
960,2019-02-16,8.0,7.0,25.0,11.0,46.0,7.0
961,2019-02-13,43.0,41.0,29.0,14.0,7.0,3.0
962,2019-02-11,43.0,15.0,13.0,48.0,25.0,5.0
963,2019-02-09,47.0,40.0,45.0,42.0,3.0,9.0
964,2019-02-06,4.0,15.0,21.0,26.0,22.0,10.0
965,2019-02-04,40.0,12.0,37.0,24.0,42.0,1.0
966,2019-02-02,32.0,27.0,5.0,7.0,35.0,3.0
967,2019-01-30,20.0,47.0,15.0,11.0,30.0,9.0
968,2019-01-28,37.0,15.0,30.0,6.0,47.0,6.0
969,2019-01-26,30.0,14.0,12.0,16.0,42.0,2.0
970,2019-01-23,25.0,17.0,41.0,24.0,38.0,10.0
971,2019-01-21,17.0,26.0,30.0,47.0,20.0,6.0
972,2019-01-19,37.0,10.0,39.0,16.0,34.0,7.0
973,2019-01-16,15.0,11.0,10.0,1.0,31.0,3.0
974,2019-01-14,35.0,33.0,44.0,1.0,11.0,10.0
975,2019-01-12,19.0,24.0,11.0,34.0,25.0,8.0
976,2019-01-09,6.0,19.0,46.0,21.0,15.0,10.0
977,2019-01-07,1.0,19.0,12.0,31.0,7.0,10.0
978,2019-01-05,48.0,18.0,40.0,7.0,6.0,7.0
979,2019-01-02,36.0,12.0,29.0,2.0,26.0,7.0
980,2018-12-31,43.0,24.0,34.0,27.0,14.0,10.0
981,2018-12-29,26.0,30.0,42.0,38.0,12.0,5.0
982,2018-12-26,45.0,9.0,5.0,24.0,11.0,10.0
983,2018-12-24,10.0,22.0,34.0,43.0,46.0,2.0
984,2018-12-22,44.0,46.0,31.0,11.0,22.0,5.0
985,2018-12-19,21.0,3.0,25.0,10.0,11.0,3.0
986,2018-12-17,2.0,9.0,25.0,35.0,30.0,9.0
987,2018-12-15,38.0,1.0,3.0,32.0,30.0,6.0
988,2018-12-12,39.0,21.0,45.0,12.0,44.0,5.0
989,2018-12-10,8.0,34.0,16.0,13.0,37.0,10.0
990,2018-12-08,25.0,38.0,11.0,29.0,14.0,8.0
991,2018-12-05,6.0,19.0,41.0,17.0,18.0,9.0
992,2018-12-03,1.0,15.0,9.0,19.0,39.0,5.0
993,2018-12-01,15.0,6.0,3.0,23.0,39.0,2.0
994,2018-11-28,3.0,38.0,30.0,10.0,15.0,6.0
995,2018-11-26,36.0,30.0,34.0,14.0,21.0,2.0
996,2018-11-24,15.0,11.0,5.0,22.0,10.0,5.0
997,2018-11-21,22.0,45.0,20.0,21.0,23.0,10.0
998,2018-11-19,33.0,46.0,21.0,20.0,28.0,7.0
999,2018-11-17,42.0,20.0,27.0,22.0,12.0,7.0
1000,2018-11-14,36.0,41.0,15.0,49.0,48.0,5.0
1001,2018-11-12,13.0,14.0,37.0,21.0,15.0,7.0
1002,2018-11-10,20.0,43.0,18.0,44.0,30.0,7.0
1003,2018-11-07,33.0,27.0,3.0,20.0,6.0,8.0
1004,2018-11-05,9.0,11.0,39.0,29.0,32.0,8.0
1005,2018-11-03,6.0,29.0,8.0,9.0,39.0,2.0
1006,2018-10-31,34.0,14.0,2.0,28.0,38.0,4.0
1007,2018-10-29,9.0,42.0,24.0,43.0,22.0,7.0
1008,2018-10-27,26.0,21.0,36.0,29.0,35.0,9.0
1009,2018-10-24,28.0,45.0,34.0,36.0,9.0,6.0
1010,2018-10-22,10.0,4.0,29.0,19.0,47.0,6.0
1011,2018-10-20,7.0,17.0,31.0,12.0,48.0,8.0
1012,2018-10-17,33.0,13.0,7.0,2.0,41.0,1.0
1013,2018-10-15,8.0,14.0,25.0,19.0,49.0,5.0
1014,2018-10-13,1.0,36.0,45.0,4.0,22.0,8.0
1015,2018-10-10,5.0,24.0,38.0,29.0,4.0,3.0
1016,2018-10-08,46.0,1.0,4.0,23.0,24.0,2.0
1017,2018-10-06,49.0,39.0,8.0,48.0,1.0,9.0
1018,2018-10-03,31.0,24.0,11.0,20.0,32.0,8.0
1019,2018-10-01,6.0,1.0,40.0,7.0,2.0,4.0
1020,2018-09-29,31.0,7.0,15.0,10.0,17.0,4.0
1021,2018-09-26,40.0,18.0,15.0,36.0,10.0,3.0
1022,2018-09-24,12.0,30.0,17.0,8.0,6.0,3.0
1023,2018-09-22,14.0,37.0,39.0,18.0,38.0,9.0
1024,2018-09-19,15.0,42.0,4.0,27.0,25.0,5.0
1025,2018-09-17,43.0,42.0,8.0,15.0,26.0,5.0
1026,2018-09-15,11.0,26.0,1.0,46.0,13.0,5.0
1027,2018-09-12,11.0,33.0,24.0,35.0,4.0,9.0
1028,2018-09-10,27.0,20.0,19.0,46.0,38.0,10.0
1029,2018-09-08,6.0,19.0,22.0,34.0,20.0,10.0
1030,2018-09-05,7.0,39.0,34.0,6.0,15.0,1.0
1031,2018-09-03,18.0,2.0,15.0,1.0,41.0,10.0
1032,2018-09-01,32.0,35.0,11.0,41.0,42.0,6.0
1033,2018-08-29,17.0,45.0,19.0,40.0,31.0,1.0
1034,2018-08-27,40.0,17.0,24.0,18.0,10.0,2.0
1035,2018-08-25,29.0,6.0,15.0,44.0,16.0,3.0
1036,2018-08-22,16.0,42.0,12.0,6.0,40.0,3.0
1037,2018-08-20,15.0,48.0,42.0,18.0,40.0,10.0
1038,2018-08-18,33.0,37.0,31.0,16.0,49.0,8.0
1039,2018-08-15,40.0,21.0,47.0,27.0,6.0,8.0
1040,2018-08-13,10.0,19.0,21.0,2.0,40.0,6.0
1041,2018-08-11,41.0,27.0,44.0,46.0,14.0,5.0
1042,2018-08-08,5.0,19.0,29.0,15.0,24.0,8.0
1043,2018-08-06,30.0,4.0,37.0,32.0,23.0,6.0
1044,2018-08-04,41.0,23.0,9.0,32.0,38.0,3.0
1045,2018-08-01,47.0,15.0,45.0,35.0,17.0,4.0
1046,2018-07-30,33.0,7.0,13.0,41.0,43.0,2.0
1047,2018-07-28,7.0,23.0,13.0,18.0,21.0,10.0
1048,2018-07-25,35.0,27.0,22.0,20.0,30.0,3.0
1049,2018-07-23,7.0,20.0,41.0,40.0,11.0,6.0
1050,2018-07-21,44.0,18.0,9.0,28.0,1.0,10.0
1051,2018-07-18,18.0,26.0,27.0,43.0,35.0,7.0
1052,2018-07-16,36.0,31.0,9.0,16.0,3.0,1.0
1053,2018-07-14,47.0,37.0,45.0,3.0,20.0,3.0
1054,2018-07-11,11.0,46.0,1.0,22.0,42.0,4.0
1055,2018-07-09,9.0,21.0,19.0,36.0,40.0,1.0
1056,2018-07-07,41.0,3.0,34.0,11.0,10.0,10.0
1057,2018-07-04,41.0,23.0,16.0,20.0,45.0,5.0
1058,2018-07-02,48.0,38.0,36.0,45.0,16.0,8.0
1059,2018-06-30,5.0,36.0,23.0,29.0,45.0,7.0
1060,2018-06-27,26.0,11.0,9.0,41.0,8.0,10.0
1061,2018-06-25,14.0,9.0,21.0,13.0,32.0,5.0
1062,2018-06-23,41.0,32.0,49.0,10.0,36.0,10.0
1063,2018-06-20,43.0,33.0,8.0,30.0,6.0,3.0
1064,2018-06-18,34.0,2.0,7.0,13.0,44.0,8.0
1065,2018-06-16,35.0,17.0,8.0,43.0,19.0,9.0
1066,2018-06-13,20.0,48.0,15.0,29.0,49.0,1.0
1067,2018-06-11,44.0,41.0,49.0,25.0,14.0,4.0
1068,2018-06-09,7.0,16.0,5.0,9.0,12.0,10.0
1069,2018-06-06,43.0,5.0,33.0,6.0,47.0,2.0
1070,2018-06-04,8.0,38.0,48.0,16.0,35.0,2.0
1071,2018-06-02,18.0,13.0,31.0,7.0,35.0,4.0
1072,2018-05-30,4.0,44.0,41.0,36.0,33.0,6.0
1073,2018-05-28,35.0,10.0,25.0,21.0,23.0,10.0
1074,2018-05-26,26.0,24.0,2.0,43.0,3.0,8.0
1075,2018-05-23,14.0,29.0,3.0,36.0,25.0,9.0
1076,2018-05-21,20.0,4.0,46.0,16.0,5.0,5.0
1077,2018-05-19,5.0,47.0,30.0,45.0,12.0,9.0
1078,2018-05-16,44.0,37.0,7.0,23.0,41.0,8.0
1079,2018-05-14,40.0,33.0,23.0,1.0,5.0,8.0
1080,2018-05-12,6.0,23.0,9.0,47.0,5.0,10.0
1081,2018-05-09,10.0,23.0,35.0,34.0,5.0,6.0
1082,2018-05-07,43.0,13.0,10.0,23.0,46.0,6.0
1083,2018-05-05,9.0,30.0,47.0,41.0,15.0,5.0
1084,2018-05-02,8.0,1.0,14.0,10.0,21.0,10.0
1085,2018-04-30,43.0,48.0,49.0,36.0,7.0,7.0
1086,2018-04-28,36.0,14.0,40.0,31.0,47.0,2.0
1087,2018-04-25,21.0,23.0,5.0,10.0,36.0,1.0
1088,2018-04-23,2.0,33.0,20.0,29.0,32.0,8.0
1089,2018-04-21,26.0,20.0,2.0,11.0,39.0,5.0
1090,2018-04-18,18.0,11.0,38.0,17.0,46.0,8.0
1091,2018-04-16,16.0,25.0,6.0,21.0,26.0,5.0
1092,2018-04-14,24.0,5.0,49.0,36.0,1.0,7.0
1093,2018-04-11,40.0,46.0,32.0,17.0,1.0,8.0
1094,2018-04-09,1.0,32.0,20.0,28.0,42.0,6.0
1095,2018-04-07,26.0,34.0,10.0,45.0,7.0,7.0
1096,2018-04-04,19.0,40.0,22.0,45.0,36.0,6.0
1097,2018-04-02,28.0,34.0,18.0,13.0,14.0,2.0
1098,2018-03-31,42.0,2.0,41.0,18.0,31.0,8.0
1099,2018-03-28,43.0,39.0,15.0,5.0,45.0,10.0
1100,2018-03-26,27.0,17.0,37.0,10.0,4.0,10.0
1101,2018-03-24,31.0,11.0,44.0,35.0,26.0,9.0
1102,2018-03-21,31.0,45.0,21.0,30.0,29.0,2.0
1103,2018-03-19,20.0,15.0,27.0,46.0,24.0,10.0
1104,2018-03-17,48.0,43.0,36.0,30.0,13.0,9.0
1105,2018-03-14,36.0,46.0,13.0,4.0,3.0,10.0
1106,2018-03-12,27.0,7.0,10.0,38.0,13.0,8.0
1107,2018-03-10,5.0,47.0,23.0,21.0,18.0,6.0
1108,2018-03-07,13.0,6.0,18.0,36.0,37.0,5.0
1109,2018-03-05,44.0,38.0,25.0,17.0,41.0,9.0
1110,2018-03-03,3.0,4.0,8.0,2.0,31.0,9.0
1111,2018-02-28,42.0,5.0,49.0,31.0,28.0,7.0
1112,2018-02-26,13.0,34.0,39.0,42.0,37.0,3.0
1113,2018-02-24,12.0,6.0,9.0,31.0,43.0,3.0
1114,2018-02-21,12.0,41.0,2.0,28.0,16.0,1.0
1115,2018-02-19,32.0,9.0,8.0,29.0,28.0,2.0
1116,2018-02-17,49.0,48.0,14.0,22.0,38.0,9.0
1117,2018-02-14,13.0,3.0,44.0,19.0,5.0,4.0
1118,2018-02-12,27.0,35.0,48.0,3.0,32.0,9.0
1119,2018-02-10,19.0,31.0,2.0,40.0,42.0,5.0
1120,2018-02-07,44.0,13.0,17.0,48.0,33.0,3.0
1121,2018-02-05,7.0,29.0,1.0,30.0,45.0,7.0
1122,2018-02-03,22.0,9.0,23.0,38.0,13.0,4.0
1123,2018-01-31,29.0,26.0,16.0,4.0,49.0,1.0
1124,2018-01-29,11.0,32.0,27.0,36.0,21.0,6.0
1125,2018-01-27,45.0,10.0,9.0,34.0,39.0,10.0
1126,2018-01-24,9.0,37.0,35.0,23.0,28.0,5.0
1127,2018-01-22,31.0,11.0,16.0,1.0,14.0,2.0
1128,2018-01-20,44.0,32.0,27.0,38.0,46.0,7.0
1129,2018-01-17,16.0,25.0,40.0,49.0,4.0,3.0
1130,2018-01-15,15.0,28.0,22.0,2.0,5.0,2.0
1131,2018-01-13,48.0,35.0,20.0,31.0,36.0,10.0
1132,2018-01-10,7.0,49.0,18.0,9.0,16.0,3.0
1133,2018-01-08,8.0,44.0,37.0,43.0,45.0,2.0
1134,2018-01-06,45.0,40.0,17.0,6.0,31.0,9.0
1135,2018-01-03,34.0,44.0,27.0,23.0,4.0,4.0
1136,2018-01-01,7.0,43.0,10.0,9.0,14.0,1.0
1137,2017-12-30,40.0,28.0,35.0,13.0,12.0,8.0
1138,2017-12-27,22.0,6.0,48.0,7.0,14.0,8.0
1139,2017-12-25,3.0,31.0,6.0,10.0,29.0,8.0
1140,2017-12-23,4.0,6.0,44.0,8.0,48.0,10.0
1141,2017-12-20,6.0,11.0,13.0,24.0,10.0,9.0
1142,2017-12-18,11.0,39.0,48.0,10.0,29.0,9.0
1143,2017-12-16,48.0,20.0,15.0,9.0,49.0,6.0
1144,2017-12-13,17.0,49.0,24.0,43.0,28.0,8.0
1145,2017-12-11,47.0,34.0,26.0,43.0,29.0,4.0
1146,2017-12-09,48.0,49.0,10.0,46.0,23.0,8.0
1147,2017-12-06,27.0,12.0,38.0,7.0,30.0,1.0
1148,2017-12-04,43.0,32.0,15.0,23.0,41.0,8.0
1149,2017-12-02,24.0,45.0,39.0,33.0,35.0,1.0
1150,2017-11-29,8.0,20.0,3.0,12.0,13.0,4.0
1151,2017-11-27,36.0,5.0,6.0,39.0,46.0,6.0
1152,2017-11-25,43.0,1.0,48.0,2.0,47.0,10.0
1153,2017-11-22,30.0,1.0,10.0,2.0,39.0,8.0
1154,2017-11-20,6.0,30.0,40.0,43.0,35.0,3.0
1155,2017-11-18,13.0,9.0,17.0,37.0,48.0,1.0
1156,2017-11-15,12.0,10.0,16.0,35.0,14.0,6.0
1157,2017-11-13,30.0,29.0,24.0,3.0,43.0,5.0
1158,2017-11-11,40.0,47.0,48.0,1.0,36.0,3.0
1159,2017-11-08,37.0,41.0,13.0,26.0,2.0,5.0
1160,2017-11-06,30.0,45.0,49.0,27.0,48.0,1.0
1161,2017-11-04,23.0,7.0,38.0,35.0,6.0,7.0
1162,2017-11-01,18.0,8.0,26.0,9.0,32.0,1.0
1163,2017-10-30,32.0,42.0,12.0,44.0,34.0,5.0
1164,2017-10-28,22.0,12.0,47.0,5.0,29.0,8.0
1165,2017-10-25,9.0,3.0,19.0,41.0,43.0,8.0
1166,2017-10-23,12.0,21.0,47.0,44.0,25.0,3.0
1167,2017-10-21,2.0,42.0,6.0,20.0,21.0,8.0
1168,2017-10-18,5.0,13.0,25.0,12.0,24.0,7.0
1169,2017-10-16,39.0,48.0,30.0,5.0,32.0,8.0
1170,2017-10-14,18.0,20.0,38.0,43.0,47.0,3.0
1171,2017-10-11,44.0,48.0,6.0,29.0,15.0,4.0
1172,2017-10-09,47.0,30.0,6.0,15.0,3.0,9.0
1173,2017-10-07,41.0,44.0,8.0,37.0,46.0,3.0
1174,2017-10-04,45.0,34.0,20.0,30.0,1.0,9.0
1175,2017-10-02,1.0,11.0,28.0,12.0,20.0,7.0
1176,2017-09-30,16.0,44.0,3.0,38.0,27.0,7.0
1177,2017-09-27,13.0,10.0,16.0,42.0,35.0,4.0
1178,2017-09-25,37.0,16.0,17.0,33.0,34.0,6.0
1179,2017-09-23,15.0,33.0,22.0,19.0,37.0,4.0
1180,2017-09-20,37.0,6.0,4.0,17.0,22.0,6.0
1181,2017-09-18,12.0,25.0,37.0,29.0,34.0,9.0
1182,2017-09-16,37.0,46.0,4.0,18.0,16.0,5.0
1183,2017-09-13,18.0,45.0,4.0,25.0,33.0,1.0
1184,2017-09-11,23.0,42.0,48.0,45.0,12.0,9.0
1185,2017-09-09,44.0,13.0,19.0,15.0,39.0,1.0
1186,2017-09-06,49.0,46.0,28.0,19.0,39.0,4.0
1187,2017-09-04,33.0,6.0,27.0,1.0,35.0,9.0
1188,2017-09-02,10.0,14.0,1.0,40.0,18.0,7.0
1189,2017-08-30,29.0,26.0,7.0,12.0,47.0,9.0
1190,2017-08-28,6.0,8.0,20.0,24.0,42.0,6.0
1191,2017-08-26,10.0,40.0,35.0,32.0,38.0,3.0
1192,2017-08-23,32.0,23.0,16.0,1.0,4.0,7.0
1193,2017-08-21,8.0,36.0,43.0,27.0,14.0,5.0
1194,2017-08-19,39.0,8.0,40.0,21.0,7.0,7.0
1195,2017-08-16,31.0,29.0,25.0,19.0,41.0,4.0
1196,2017-08-14,13.0,15.0,39.0,2.0,9.0,4.0
1197,2017-08-12,13.0,36.0,41.0,15.0,5.0,10.0
1198,2017-08-09,32.0,38.0,36.0,31.0,49.0,1.0
1199,2017-08-07,38.0,24.0,42.0,21.0,14.0,4.0
1200,2017-08-05,3.0,25.0,30.0,13.0,37.0,2.0
1201,2017-08-02,34.0,30.0,9.0,12.0,32.0,7.0
1202,2017-07-31,45.0,37.0,47.0,25.0,31.0,7.0
1203,2017-07-29,24.0,41.0,45.0,23.0,10.0,1.0
1204,2017-07-26,13.0,44.0,35.0,3.0,25.0,2.0
1205,2017-07-24,14.0,11.0,38.0,21.0,35.0,3.0
1206,2017-07-22,40.0,30.0,16.0,5.0,28.0,9.0
1207,2017-07-19,16.0,26.0,6.0,8.0,9.0,7.0
1208,2017-07-17,40.0,41.0,5.0,33.0,16.0,2.0
1209,2017-07-15,34.0,37.0,24.0,48.0,29.0,2.0
1210,2017-07-12,3.0,16.0,31.0,43.0,18.0,5.0
1211,2017-07-10,23.0,43.0,17.0,21.0,18.0,4.0
1212,2017-07-08,9.0,30.0,46.0,43.0,31.0,10.0
1213,2017-07-05,18.0,29.0,17.0,34.0,8.0,6.0
1214,2017-07-03,48.0,8.0,10.0,28.0,2.0,2.0
1215,2017-07-01,26.0,47.0,16.0,33.0,21.0,8.0
1216,2017-06-28,48.0,30.0,37.0,29.0,9.0,1.0
1217,2017-06-26,1.0,49.0,5.0,29.0,38.0,9.0
1218,2017-06-24,48.0,27.0,23.0,35.0,24.0,5.0
1219,2017-06-21,12.0,22.0,34.0,18.0,39.0,6.0
1220,2017-06-19,25.0,43.0,18.0,47.0,40.0,9.0
1221,2017-06-17,26.0,25.0,40.0,14.0,39.0,3.0
1222,2017-06-14,44.0,43.0,49.0,41.0,31.0,5.0
1223,2017-06-12,5.0,29.0,4.0,7.0,27.0,5.0
1224,2017-06-10,49.0,34.0,37.0,36.0,8.0,10.0
1225,2017-06-07,22.0,43.0,36.0,40.0,21.0,5.0
1226,2017-06-05,49.0,12.0,17.0,41.0,21.0,7.0
1227,2017-06-03,23.0,45.0,36.0,34.0,44.0,3.0
1228,2017-05-31,1.0,36.0,9.0,41.0,27.0,1.0
1229,2017-05-29,40.0,43.0,39.0,41.0,1.0,9.0
1230,2017-05-27,9.0,8.0,28.0,40.0,17.0,8.0
1231,2017-05-24,17.0,22.0,18.0,8.0,30.0,5.0
1232,2017-05-22,27.0,21.0,22.0,7.0,31.0,10.0
1233,2017-05-20,33.0,31.0,28.0,34.0,42.0,3.0
1234,2017-05-17,25.0,44.0,6.0,30.0,22.0,7.0
1235,2017-05-15,22.0,13.0,1.0,27.0,5.0,1.0
1236,2017-05-13,16.0,13.0,9.0,28.0,47.0,10.0
1237,2017-05-10,30.0,22.0,20.0,43.0,12.0,9.0
1238,2017-05-08,33.0,7.0,47.0,22.0,43.0,6.0
1239,2017-05-06,27.0,41.0,34.0,6.0,45.0,5.0
1240,2017-05-03,20.0,15.0,27.0,46.0,6.0,3.0
1241,2017-05-01,18.0,46.0,37.0,16.0,35.0,6.0
1242,2017-04-29,48.0,37.0,46.0,44.0,34.0,9.0
1243,2017-04-26,27.0,6.0,8.0,14.0,16.0,5.0
1244,2017-04-24,7.0,42.0,28.0,45.0,41.0,9.0
1245,2017-04-22,17.0,21.0,31.0,1.0,46.0,5.0
1246,2017-04-19,47.0,39.0,38.0,41.0,48.0,9.0
1247,2017-04-17,8.0,36.0,46.0,4.0,33.0,7.0
1248,2017-04-15,28.0,29.0,41.0,40.0,49.0,5.0
1249,2017-04-12,48.0,18.0,3.0,28.0,40.0,7.0
1250,2017-04-10,11.0,3.0,20.0,14.0,1.0,2.0
1251,2017-04-08,17.0,44.0,18.0,45.0,29.0,5.0
1252,2017-04-05,10.0,40.0,42.0,20.0,6.0,10.0
1253,2017-04-03,34.0,16.0,44.0,3.0,9.0,3.0
1254,2017-04-01,46.0,2.0,44.0,9.0,25.0,9.0
1255,2017-03-29,35.0,14.0,10.0,26.0,25.0,5.0
1256,2017-03-27,2.0,49.0,9.0,38.0,18.0,8.0
1257,2017-03-25,2.0,5.0,8.0,43.0,49.0,1.0
1258,2017-03-22,43.0,25.0,28.0,2.0,11.0,5.0
1259,2017-03-20,42.0,39.0,28.0,13.0,40.0,1.0
1260,2017-03-18,33.0,18.0,1.0,30.0,6.0,2.0
1261,2017-03-15,25.0,5.0,46.0,36.0,31.0,8.0
1262,2017-03-13,16.0,21.0,34.0,48.0,24.0,3.0
1263,2017-03-11,1.0,39.0,31.0,13.0,42.0,7.0
1264,2017-03-08,40.0,16.0,46.0,42.0,47.0,2.0
1265,2017-03-06,26.0,10.0,6.0,41.0,3.0,9.0
